<?xml version="1.0" encoding="UTF-8"?>
<sspaceex xmlns="http://www-verimag.imag.fr/xml-namespaces/sspaceex" version="0.2" math="SpaceEx"> 
<component id="ha">
		<param name="d1" type="real" local="false" d1="1" d2="1" dynamics="any" />
		<param name="g1" type="real" local="false" d1="1" d2="1" dynamics="any" />
        <param name="k" type="real" local="false" d1="1" d2="1" dynamics="any" />

		<location id="0" name="f1" x="100" y="100" width="50" height="50">
			<invariant>g1 &gt;= 0&amp;k &lt;= 5</invariant>
			<flow>d1' == 2 + (0.122 * d1)&amp;g1' == -0.5&amp;k' == 0</flow>
		</location>

		<location id="1" name="f2" x="100" y="100" width="50" height="50">
                        <invariant>d1 &gt;= 0&amp;k &lt;= 5</invariant>
                        <flow>d1' == -(0.05 * d1)&amp;g1' == 0&amp;k' == 0</flow>
		</location>

		<location id="2" name="f3" x="100" y="100" width="50" height="50">
			<invariant>k &lt;= 5</invariant>
                        <flow>d1' == 0&amp;g1' == 0&amp;k' == 0</flow>
 
		</location>



		<transition source="0" target="1">
			<guard>g1 &gt;= 1</guard>
			<assignment>d1' == d1&amp;g1' == g1&amp;k' == k+1</assignment>
			<labelposition x="0" y="0"/>
		</transition>
		<transition source="0" target="2">
                        <guard>g1 &lt;= 0.5</guard>
                        <assignment>d1' == d1&amp;g1' == g1&amp;k' == k+1</assignment>
                        <labelposition x="0" y="0"/>
		</transition>

		<transition source="1" target="0">
			<guard>g1 &gt;= 1</guard>
			<assignment>d1' == d1&amp;g1' == g1&amp;k' == k+1</assignment>
			<labelposition x="0" y="0"/>
		</transition>

</component>
        
<component id="system">
		<param name="d1" type="real" local="false" d1="1" d2="1" dynamics="any" />
		<param name="g1" type="real" local="false" d1="1" d2="1" dynamics="any" />
        <param name="k" type="real" local="false" d1="1" d2="1" dynamics="any" />

        <bind component="ha" as="ha_system" x="300" y="200">
		<map key="d1">d1</map>
		<map key="g1">g1</map>
        <map key="k">k</map>

        </bind>
</component>
        
</sspaceex>
        
