<?xml version="1.0" encoding="UTF-8"?>
<sspaceex xmlns="http://www-verimag.imag.fr/xml-namespaces/sspaceex" version="0.2" math="SpaceEx"> 
<component id="ha">
		<param name="x" type="real" local="false" d1="1" d2="1" dynamics="any" />
		<param name="y" type="real" local="false" d1="1" d2="1" dynamics="any" />
		<param name="vx" type="real" local="false" d1="1" d2="1" dynamics="any" />
        <param name="vy" type="real" local="false" d1="1" d2="1" dynamics="any" />
        <param name="k" type="real" local="false" d1="1" d2="1" dynamics="any" />

		<location id="0" name="f1" x="100" y="100" width="50" height="50">
			<invariant> x &gt;= 40&amp;y &gt;= 40&amp;k &lt;= 10</invariant>
			<flow>x' == vx&amp;y' == vy&amp;vx' == 0.07 * x + 0.1 * vy - 4&amp;vy' == -0.1 * vx - 2&amp;k' == 0</flow>
		</location>

		<location id="1" name="f2" x="100" y="100" width="50" height="50">
			<invariant>x &lt;= 50&amp;y &lt;= 50&amp;vx &gt;= -5&amp;vy &gt;= -5&amp;k &lt;= 10</invariant>
                        <flow>x' == vx&amp;y' == vy&amp;vx' == 0.07 * x + 0.1 * vy - 3&amp;vy' == -0.1 * vx - 1&amp;k' == 0</flow>
		</location>

		<location id="2" name="f3" x="100" y="100" width="50" height="50">
			<invariant> x &lt;= 50&amp;k &lt;= 10</invariant>
                        <flow>x' == vx&amp;y' == vy&amp;vx' == 0.07 * x + 0.1 * vy + 4&amp;vy' == -0.1 * vx + 6&amp;k' == 0</flow>
		</location>

		<transition source="0" target="1">
			<guard>x &lt;= 50&amp;y &lt;= 50</guard>
			<assignment>x' == x&amp;vx' == vx&amp;y' == y&amp;vy' == vy&amp;k' == k+1</assignment>
			<labelposition x="0" y="0"/>
		</transition>

		<transition source="1" target="2">
			<guard>vx &lt;= -4</guard>
                        <assignment>x' == x&amp;vx' == vx&amp;y' == y&amp;vy' == vy&amp;k' == k+1</assignment>
			<labelposition x="0" y="0"/>
		</transition>

		<transition source="1" target="2">
			<guard>vy &lt;= -4</guard>
                        <assignment>x' == x&amp;vx' == vx&amp;y' == y&amp;vy' == vy&amp;k' == k+1</assignment>
			<labelposition x="0" y="0"/>
		</transition>

		<transition source="2" target="0">
                        <guard>x &gt;= 45&amp;y &gt;= 45</guard>
                        <assignment>x' == x&amp;vx' == vx&amp;y' == y&amp;vy' == vy&amp;k' == k+1</assignment>
                        <labelposition x="0" y="0"/>
                </transition>

                <transition source="2" target="0">
                        <guard>vx &gt;= 3</guard>
                        <assignment>x' == x&amp;vx' == vx&amp;y' == y&amp;vy' == vy&amp;k' == k+1</assignment>
                        <labelposition x="0" y="0"/>
                </transition>

                <transition source="2" target="0">
                        <guard>vy &gt;= 3</guard>
                        <assignment>x' == x&amp;vx' == vx&amp;y' == y&amp;vy' == vy&amp;k' == k+1</assignment>
                        <labelposition x="0" y="0"/>
                </transition>

</component>
        
<component id="system">
		<param name="x" type="real" local="false" d1="1" d2="1" dynamics="any" />
		<param name="y" type="real" local="false" d1="1" d2="1" dynamics="any" />
		<param name="vx" type="real" local="false" d1="1" d2="1" dynamics="any" />
        <param name="vy" type="real" local="false" d1="1" d2="1" dynamics="any" />
        <param name="k" type="real" local="false" d1="1" d2="1" dynamics="any" />

        <bind component="ha" as="ha_system" x="300" y="200">
		<map key="x">x</map>
		<map key="y">y</map>
		<map key="vx">vx</map>
        <map key="vy">vy</map>
        <map key="k">k</map>
        </bind>
</component>
        
</sspaceex>
        
