<?xml version="1.0" encoding="UTF-8"?>
<sspaceex xmlns="http://www-verimag.imag.fr/xml-namespaces/sspaceex" version="0.2" math="SpaceEx"> 
<component id="ha">
		<param name="x0" type="real" local="false" d1="1" d2="1" dynamics="any" />
		<param name="x1" type="real" local="false" d1="1" d2="1" dynamics="any" />
		<param name="k" type="real" local="false" d1="1" d2="1" dynamics="any" />

		<location id="0" name="offoff" x="100" y="100" width="50" height="50">
			<invariant>x0 &gt;= 1&amp;x1 &gt;= 1&amp;k &lt;= 20</invariant>
			<flow>x0' == -0.8&amp;x1' == -0.6&amp;k' == 0</flow>
		</location>

		<location id="1" name="offon" x="100" y="100" width="50" height="50">
			<invariant>x0 &gt;= 1&amp;x1 &lt;= 9&amp;k &lt;= 20</invariant>
			<flow>x0' == -0.8&amp;x1' == 1&amp;k' == 0</flow>
		</location>

		<location id="2" name="onoff" x="100" y="100" width="50" height="50">
			<invariant>x0 &lt;= 8&amp;x1 &gt;= 1&amp;k &lt;= 20</invariant>
			<flow>x0' == 0.9&amp;x1' == -0.6&amp;k' == 0</flow>
		</location>

		<location id="3" name="onon" x="100" y="100" width="50" height="50">
			<invariant>x0 &lt;= 9&amp;x1 &lt;= 9&amp;k &lt;= 20</invariant>
			<flow>x0' == 0.9&amp;x1' == 1&amp;k' == 0</flow>
		</location>
		<transition source="0" target="1">
			<guard>x1 &lt;= 3</guard>
			<assignment>x0' == x0&amp;x1' == x1&amp;k' == k+1</assignment>
			<labelposition x="0" y="0"/>
		</transition>
		<transition source="0" target="2">
			<guard>x0 &lt;= 2</guard>
			<assignment>x0' == x0&amp;x1' == x1&amp;k' == k+1</assignment>
			<labelposition x="0" y="0"/>
		</transition>

                <transition source="0" target="3">
                        <guard>x1 &lt;= 3</guard>
                        <assignment>x0' == x0&amp;x1' == x1&amp;k' == k+1</assignment>
                        <labelposition x="0" y="0"/>
                </transition>
                <transition source="0" target="3">
                        <guard>x0 &lt;= 2</guard>
                        <assignment>x0' == x0&amp;x1' == x1&amp;k' == k+1</assignment>
                        <labelposition x="0" y="0"/>
                </transition>

		<transition source="1" target="3">
			<guard>x0 &lt;= 2</guard>
			<assignment>x0' == x0&amp;x1' == x1&amp;k' == k+1</assignment>
			<labelposition x="0" y="0"/>
		</transition>
		<transition source="1" target="0">
                        <guard>x1 &gt;= 6</guard>
                        <assignment>x0' == x0&amp;x1' == x1&amp;k' == k+1</assignment>
                        <labelposition x="0" y="0"/>
		</transition>

		<transition source="1" target="2">
                        <guard>x0 &lt;= 2</guard>
                        <assignment>x0' == x0&amp;x1' == x1&amp;k' == k+1</assignment>
                        <labelposition x="0" y="0"/>
                </transition>
                <transition source="1" target="2">
                        <guard>x1 &gt;= 6</guard>
                        <assignment>x0' == x0&amp;x1' == x1&amp;k' == k+1</assignment>
                        <labelposition x="0" y="0"/>
                </transition>


		<transition source="2" target="3">
			<guard>x1 &lt;= 3</guard>
			<assignment>x0' == x0&amp;x1' == x1&amp;k' == k+1</assignment>
			<labelposition x="0" y="0"/>
		</transition>
		<transition source="2" target="0">
                        <guard>x0 &gt;= 5</guard>
                        <assignment>x0' == x0&amp;x1' == x1&amp;k' == k+1</assignment>
                        <labelposition x="0" y="0"/>
		</transition>

		<transition source="2" target="1">
                        <guard>x1 &lt;= 3</guard>
                        <assignment>x0' == x0&amp;x1' == x1&amp;k' == k+1</assignment>
                        <labelposition x="0" y="0"/>
                </transition>
                <transition source="2" target="1">
                        <guard>x0 &gt;= 5</guard>
                        <assignment>x0' == x0&amp;x1' == x1&amp;k' == k+1</assignment>
                        <labelposition x="0" y="0"/>
                </transition>

		<transition source="3" target="1">
			<guard>x0 &gt;= 5</guard>
			<assignment>x0' == x0&amp;x1' == x1&amp;k' == k+1</assignment>
			<labelposition x="0" y="0"/>
		</transition>
		<transition source="3" target="2">
                        <guard>x1 &gt;= 6</guard>
                        <assignment>x0' == x0&amp;x1' == x1&amp;k' == k+1</assignment>
                        <labelposition x="0" y="0"/>
		</transition>

		<transition source="3" target="0">
                        <guard>x0 &gt;= 5</guard>
                        <assignment>x0' == x0&amp;x1' == x1&amp;k' == k+1</assignment>
                        <labelposition x="0" y="0"/>
                </transition>
                <transition source="3" target="0">
                        <guard>x1 &gt;= 6</guard>
                        <assignment>x0' == x0&amp;x1' == x1&amp;k' == k+1</assignment>
                        <labelposition x="0" y="0"/>
                </transition>

</component>
        
<component id="system">
		<param name="x0" type="real" local="false" d1="1" d2="1" dynamics="any" />
		<param name="x1" type="real" local="false" d1="1" d2="1" dynamics="any" />
		<param name="k" type="real" local="false" d1="1" d2="1" dynamics="any" />

        <bind component="ha" as="ha_system" x="300" y="200">
		<map key="x0">x0</map>
		<map key="x1">x1</map>
		<map key="k">k</map>


        </bind>
</component>
        
</sspaceex>
        
