<?xml version="1.0" encoding="UTF-8"?>
<sspaceex xmlns="http://www-verimag.imag.fr/xml-namespaces/sspaceex" version="0.2" math="SpaceEx"> 
<component id="ha">
        <param name="vb" type="real" local="false" d1="1" d2="1" dynamics="any" />
		<param name="tx" type="real" local="false" d1="1" d2="1" dynamics="any" />
		<param name="bx" type="real" local="false" d1="1" d2="1" dynamics="any" />
		<param name="k" type="real" local="false" d1="1" d2="1" dynamics="any" />

		<location id="0" name="far" x="100" y="100" width="50" height="50">
			<invariant>tx &gt; 60&amp;k &lt;= 10</invariant>
			<flow>bx' == vb&amp;tx' == -30&amp;vb' == 0&amp;k'==0</flow>
		</location>

		<location id="1" name="approach" x="100" y="100" width="50" height="50">
			<invariant>tx &gt; 20&amp;k &lt;= 10</invariant>
			<flow>tx' == -5&amp;bx' == vb&amp;vb' == 0.3&amp;k'==0</flow>
		</location>

		<location id="2" name="close" x="100" y="100" width="50" height="50">
			<invariant>tx &gt; 10&amp;k &lt;= 10</invariant>
			<flow>tx' == -5&amp;bx' == vb&amp;vb' == 0.5&amp;k'==0</flow>
		</location>

		<location id="3" name="past" x="100" y="100" width="50" height="50">
			<invariant>tx &gt; -10&amp;k &lt;= 10</invariant>
			<flow>tx' == -5&amp;bx' == vb&amp;vb' == -1&amp;k'==0</flow>
		</location>
		<transition source="0" target="1">
			<guard>tx &lt; 80</guard>
			<assignment>vb' == 6&amp;tx' == tx&amp;bx' == bx&amp;k'== k + 1</assignment>
			<labelposition x="0" y="0"/>
		</transition>
		<transition source="0" target="2">
			<guard>tx &lt; 70</guard>
			<assignment>vb' == 8&amp;tx' == tx&amp;bx' == bx&amp;k'== k + 1</assignment>
			<labelposition x="0" y="0"/>
		</transition>

		<transition source="1" target="2">
			<guard>tx &lt; 80</guard>
			<assignment>vb' == vb&amp;tx' == tx&amp;bx' == bx&amp;k'== k + 1</assignment>
			<labelposition x="0" y="0"/>
		</transition>
		<transition source="2" target="3">
			<guard>tx &lt; 20</guard>
			<assignment>vb' == -4&amp;tx' == tx&amp;bx' == bx&amp;k'== k + 1</assignment>
			<labelposition x="0" y="0"/>
		</transition>
		<transition source="3" target="0">
			<guard>tx &lt; 0</guard>
			<assignment>vb' == 0&amp;tx' == 100+tx&amp;bx' == bx&amp;k'== k + 1</assignment>
			<labelposition x="0" y="0"/>
		</transition>

</component>
        
<component id="system">
        	<param name="vb" type="real" local="false" d1="1" d2="1" dynamics="any" />

		<param name="tx" type="real" local="false" d1="1" d2="1" dynamics="any" />

		<param name="bx" type="real" local="false" d1="1" d2="1" dynamics="any" />
		<param name="k" type="real" local="false" d1="1" d2="1" dynamics="any" />

        <bind component="ha" as="ha_system" x="300" y="200">

<map key="tx">tx</map>

<map key="bx">bx</map>

<map key="vb">vb</map>
<map key="k">k</map>


        </bind>
        </component>
        
</sspaceex>
        
