<?xml version="1.0" encoding="UTF-8"?>
<sspaceex xmlns="http://www-verimag.imag.fr/xml-namespaces/sspaceex" version="0.2" math="SpaceEx"> 
<component id="ha">
		<param name="x" type="real" local="false" d1="1" d2="1" dynamics="any" />
		<param name="y" type="real" local="false" d1="1" d2="1" dynamics="any" />
		<param name="vx" type="real" local="false" d1="1" d2="1" dynamics="any" />
        <param name="vy" type="real" local="false" d1="1" d2="1" dynamics="any" />
        <param name="k" type="real" local="false" d1="1" d2="1" dynamics="any" />

		<location id="0" name="f0s0" x="100" y="100" width="50" height="50">
			<invariant> y &gt;= 50&amp;k &lt;= 5</invariant>
			<flow>x' == vx&amp;y' == vy&amp;vx' == 0.02 * vx + 0.02 * vy - 0.45&amp;vy' == 0.02 * vx + 0.02 * vy - 0.45&amp;k' == 0</flow>
		</location>

		<location id="1" name="f0s1" x="100" y="100" width="50" height="50">
			<invariant>x &gt;= 50&amp;k &lt;= 5</invariant>
                        <flow>x' == vx&amp;y' == vy&amp;vx' == 0.02 * vx - 0.02 * vy - 0.45&amp;vy' == -0.02 * vx + 0.02 * vy + 0.45&amp;k' == 0</flow>
		</location>

		<location id="2" name="f1s0" x="100" y="100" width="50" height="50">
			<invariant>x &lt;= 50&amp;k &lt;= 5</invariant>
                        <flow>x' == vx&amp;y' == vy&amp;vx' == 0.02 * vx - 0.02 * vy + 0.45&amp;vy' == -0.02 * vx - 0.02 * vy - 0.45&amp;k' == 0</flow>
		</location>

		<location id="3" name="f1s1" x="100" y="100" width="50" height="50">
			<invariant>y &lt;= 50&amp;k &lt;= 5</invariant>
                        <flow>x' == vx&amp;y' == vy&amp;vx' == 0.02 * vx + 0.02 * vy + 0.45&amp;vy' == 0.02 * vx + 0.02 * vy + 0.45&amp;k' == 0</flow>
		</location>

		<transition source="0" target="2">
			<guard>x &lt;= 50&amp;y &lt;= 50</guard>
			<assignment>x' == x&amp;y' == y&amp;vx' == vx&amp;vy' == vy&amp;k' == k+1</assignment>
			<labelposition x="0" y="0"/>
		</transition>
		<transition source="1" target="0">
			<guard>x &lt;= 50&amp;y &gt;= 50</guard>
                        <assignment>x' == x&amp;y' == y&amp;vx' == vx&amp;vy' == vy&amp;k' == k+1</assignment>
			<labelposition x="0" y="0"/>
		</transition>
		<transition source="2" target="3">
			<guard>x &gt;= 50&amp;y &lt;= 50</guard>
                        <assignment>x' == x&amp;y' == y&amp;vx' == vx&amp;vy' == vy&amp;k' == k+1</assignment>
			<labelposition x="0" y="0"/>
		</transition>

		<transition source="3" target="1">
			<guard>x &gt;= 50&amp;y &gt;= 50</guard>
                        <assignment>x' == x&amp;y' == y&amp;vx' == vx&amp;vy' == vy&amp;k' == k+1</assignment>
			<labelposition x="0" y="0"/>
		</transition>

</component>
        
<component id="system">
		<param name="x" type="real" local="false" d1="1" d2="1" dynamics="any" />
		<param name="y" type="real" local="false" d1="1" d2="1" dynamics="any" />
		<param name="vx" type="real" local="false" d1="1" d2="1" dynamics="any" />
        <param name="vy" type="real" local="false" d1="1" d2="1" dynamics="any" />
        <param name="k" type="real" local="false" d1="1" d2="1" dynamics="any" />

        <bind component="ha" as="ha_system" x="300" y="200">
		<map key="x">x</map>
		<map key="y">y</map>
		<map key="vx">vx</map>
        <map key="vy">vy</map>
        <map key="k">k</map>
        </bind>
</component>
        
</sspaceex>
        
