<?xml version="1.0" encoding="UTF-8"?>
<sspaceex xmlns="http://www-verimag.imag.fr/xml-namespaces/sspaceex" version="0.2" math="SpaceEx"> 
<component id="ha">
		<param name="x0" type="real" local="false" d1="1" d2="1" dynamics="any" />
		<param name="x1" type="real" local="false" d1="1" d2="1" dynamics="any" />
		<param name="k" type="real" local="false" d1="1" d2="1" dynamics="any" />

		<location id="0" name="offoff" x="100" y="100" width="50" height="50">
			<invariant>x0 &gt;= 10&amp;x1 &gt;= 10&amp;k &lt;= 5</invariant>
			<flow>x0' == -0.015 * (0.98 * x0 - 0.01 * x1)&amp;x1' == -0.045 * (0.97 * x1 - 0.03 * x0)&amp;k' == 0</flow>
		</location>

		<location id="1" name="offon" x="100" y="100" width="50" height="50">
			<invariant>x0 &gt;= 10&amp;x1 &lt;= 30&amp;k &lt;= 5</invariant>
                        <flow>x0' == -0.015 * (0.98 * x0 - 0.01 * x1)&amp;x1' == 0.045 * (200 - (0.97 * x1 - 0.03 * x0))&amp;k' == 0</flow>
                </location>

		<location id="2" name="onoff" x="100" y="100" width="50" height="50">
			<invariant>x0 &lt;= 30&amp;x1 &gt;= 10&amp;k &lt;= 5</invariant>
                        <flow>x0' == 0.015 * (100 - (0.98 * x0 - 0.01 * x1))&amp;x1' == -0.045 * (0.97 * x1 - 0.03 * x0)&amp;k' == 0</flow>
                </location>

		<transition source="0" target="1">
			<guard>x1 &lt;= 16</guard>
			<assignment>x0' == x0&amp;x1' == x1&amp;k' == k + 1</assignment>
			<labelposition x="0" y="0"/>
		</transition>
		<transition source="0" target="2">
			<guard>x0 &lt;= 17</guard>
			<assignment>x0' == x0&amp;x1' == x1&amp;k' == k + 1</assignment>
			<labelposition x="0" y="0"/>
		</transition>


		<transition source="1" target="0">
			<guard>x1 &gt;= 26</guard>
			<assignment>x0' == x0&amp;x1' == x1&amp;k' == k + 1</assignment>
			<labelposition x="0" y="0"/>
		</transition>
		<transition source="1" target="2">
                        <guard>x0 &lt;= 17</guard>
                        <assignment>x0' == x0&amp;x1' == x1&amp;k' == k + 1</assignment>
                        <labelposition x="0" y="0"/>
		</transition>


		<transition source="2" target="1">
			<guard>x1 &lt;= 16</guard>
			<assignment>x0' == x0&amp;x1' == x1&amp;k' == k + 1</assignment>
			<labelposition x="0" y="0"/>
		</transition>
		<transition source="2" target="0">
                        <guard>x0 &gt;= 25</guard>
                        <assignment>x0' == x0&amp;x1' == x1&amp;k' == k + 1</assignment>
                        <labelposition x="0" y="0"/>
		</transition>

</component>
        
<component id="system">
		<param name="x0" type="real" local="false" d1="1" d2="1" dynamics="any" />
		<param name="x1" type="real" local="false" d1="1" d2="1" dynamics="any" />
		<param name="k" type="real" local="false" d1="1" d2="1" dynamics="any" />

        <bind component="ha" as="ha_system" x="300" y="200">
		<map key="x0">x0</map>
		<map key="x1">x1</map>
		<map key="k">k</map>

        </bind>
</component>
        
</sspaceex>
        
