dynamics,solver,model,time,result
linear,dreach,reach-battery,8.06,TRUE
linear,dreach,reach-car,T/O,-
linear,dreach,reach-rail,1747.73,TRUE
linear,dreach,reach-therm,T/O,-
linear,dreach,reach-water,T/O,-
linear,flowstar,reach-battery,41.20,TRUE
linear,flowstar,reach-car,24.93,TRUE
linear,flowstar,reach-rail,3.77,TRUE
linear,flowstar,reach-therm,493.59,TRUE
linear,flowstar,reach-water,122.15,TRUE
linear,hycomp,reach-battery,0.15,TRUE
linear,hycomp,reach-car,0.05,TRUE
linear,hycomp,reach-rail,0.04,TRUE
linear,hycomp,reach-therm,0.12,TRUE
linear,hycomp,reach-water,0.09,TRUE
linear,spaceex,reach-battery,0.07,TRUE
linear,spaceex,reach-car,0.89,TRUE
linear,spaceex,reach-rail,0.12,TRUE
linear,spaceex,reach-therm,0.54,TRUE
linear,spaceex,reach-water,0.41,TRUE
linear,stlmc,reach-battery,0.18,TRUE
linear,stlmc,reach-car,0.16,TRUE
linear,stlmc,reach-rail,0.08,TRUE
linear,stlmc,reach-therm,0.15,TRUE
linear,stlmc,reach-water,0.12,TRUE
ode,dreach,reach-battery,0.35,TRUE
ode,dreach,reach-car,11.75,TRUE
ode,dreach,reach-nav,0.17,TRUE
ode,dreach,reach-oscil,0.36,TRUE
ode,dreach,reach-rail,0.17,TRUE
ode,dreach,reach-space,1.04,TRUE
ode,dreach,reach-therm,0.76,TRUE
ode,dreach,reach-water,0.15,TRUE
ode,flowstar,reach-battery,8.90,TRUE
ode,flowstar,reach-car,412.27,TRUE
ode,flowstar,reach-nav,0.43,TRUE
ode,flowstar,reach-oscil,0.47,TRUE
ode,flowstar,reach-rail,0.08,TRUE
ode,flowstar,reach-space,8.66,TRUE
ode,flowstar,reach-therm,15.96,TRUE
ode,flowstar,reach-water,7.13,TRUE
ode,spaceex,reach-battery,0.03,TRUE
ode,spaceex,reach-nav,0.02,TRUE
ode,spaceex,reach-oscil,0.01,TRUE
ode,spaceex,reach-space,0.03,TRUE
ode,spaceex,reach-therm,0.20,TRUE
ode,stlmc,reach-battery,0.45,TRUE
ode,stlmc,reach-car,47.32,TRUE
ode,stlmc,reach-nav,0.09,TRUE
ode,stlmc,reach-oscil,0.88,TRUE
ode,stlmc,reach-rail,0.15,TRUE
ode,stlmc,reach-space,1.91,TRUE
ode,stlmc,reach-therm,1.37,TRUE
ode,stlmc,reach-water,0.02,TRUE
poly,dreach,reach-battery,1.30,TRUE
poly,dreach,reach-car,357.01,TRUE
poly,dreach,reach-rail,0.22,TRUE
poly,dreach,reach-therm,75.71,TRUE
poly,dreach,reach-water,38.35,TRUE
poly,flowstar,reach-battery,23.36,TRUE
poly,flowstar,reach-car,25.58,TRUE
poly,flowstar,reach-rail,2.69,TRUE
poly,flowstar,reach-therm,5.17,TRUE
poly,flowstar,reach-water,0.12,TRUE
poly,spaceex,reach-battery,0.01,TRUE
poly,spaceex,reach-car,2200.08,TRUE
poly,spaceex,reach-rail,0.21,TRUE
poly,spaceex,reach-therm,3.09,TRUE
poly,spaceex,reach-water,0.00,TRUE
poly,stlmc,reach-battery,0.11,TRUE
poly,stlmc,reach-car,0.23,TRUE
poly,stlmc,reach-rail,0.06,TRUE
poly,stlmc,reach-therm,0.33,TRUE
poly,stlmc,reach-water,0.64,TRUE
