<?xml version="1.0" encoding="UTF-8"?>
<sspaceex xmlns="http://www-verimag.imag.fr/xml-namespaces/sspaceex" version="0.2" math="SpaceEx"> 
<component id="ha">
		<param name="x" type="real" local="false" d1="1" d2="1" dynamics="any" />
		<param name="y" type="real" local="false" d1="1" d2="1" dynamics="any" />
		<param name="x1" type="real" local="false" d1="1" d2="1" dynamics="any" />
		<param name="x2" type="real" local="false" d1="1" d2="1" dynamics="any" />
		<param name="x3" type="real" local="false" d1="1" d2="1" dynamics="any" />
                <param name="z" type="real" local="false" d1="1" d2="1" dynamics="any" />
        	<param name="k" type="real" local="false" d1="1" d2="1" dynamics="any" />

		<location id="0" name="f1" x="100" y="100" width="50" height="50">
			<invariant> x &gt;= 0&amp;y+2*x &gt;= 0&amp;k &lt;= 5</invariant>
			<flow>x' == -0.2 * x + 1.4&amp;y' == -0.1 * y - 0.7&amp;x1' == 3 * x - 3 * x1&amp;x2' == 3 * x1 - 3 * x2&amp;x3' ==3 * x2 - 3 * x3&amp;z' == 3 * x3 - 3 * z&amp;k' == 0</flow>
		</location>

		<location id="1" name="f2" x="100" y="100" width="50" height="50">
			<invariant>x &gt;= 0&amp;y+2*x &lt;= 0&amp;k &lt;= 5</invariant>
                        <flow>x' == -0.2 * x - 1.4&amp;y' == -0.1 * y + 0.7&amp;x1' == 3 * x - 3 * x1&amp;x2' == 3 * x1 - 3 * x2&amp;x3' == 3 * x2 - 3 * x3&amp;z' == 3 * x3 - 3 * z&amp;k' == 0</flow>
		</location>

		<location id="2" name="f3" x="100" y="100" width="50" height="50">
			<invariant>x &lt;= 0&amp;y+2*x &lt;= 0&amp;k &lt;= 5</invariant>
                        <flow>x' == -0.2 * x - 1.4&amp;y' == -0.1 * y + 0.7&amp;x1' == 3 * x - 3 * x1&amp;x2' == 3 * x1 - 3 * x2&amp;x3' ==3 * x2 - 3 * x3&amp;z' == 3 * x3 - 3 * z&amp;k' == 0</flow>
		</location>

		<location id="3" name="f4" x="100" y="100" width="50" height="50">
			<invariant>x &lt;= 0&amp;y+2*x &gt;= 0&amp;k &lt;= 5</invariant>
                        <flow>x' == -0.2 * x + 1.4&amp;y' == -0.1 * y - 0.7&amp;x1' == 3 * x - 3 * x1&amp;x2' == 3 * x1 - 3 * x2&amp;x3' ==3 * x2 - 3 * x3&amp;z' == 3 * x3 - 3 * z&amp;k' == 0</flow>
		</location>

		<transition source="0" target="1">
			<guard>x &gt;= 0&amp;y + 2*x &lt;= 0</guard>
			<assignment>x' == x&amp;y' == y&amp;x1' == x1&amp;x2' == x2&amp;x3' == x3&amp;z' == z&amp;k' == k+1</assignment>
			<labelposition x="0" y="0"/>
		</transition>
                <transition source="1" target="2">
                        <guard>x &lt;= 0&amp;y + 2*x &lt;= 0</guard>
                        <assignment>x' == x&amp;y' == y&amp;x1' == x1&amp;x2' == x2&amp;x3' == x3&amp;z' == z&amp;k' == k+1</assignment>
                        <labelposition x="0" y="0"/>
		</transition>
		<transition source="2" target="3">
                        <guard>x &lt;= 0&amp;y + 2*x &gt;= 0</guard>
                        <assignment>x' == x&amp;y' == y&amp;x1' == x1&amp;x2' == x2&amp;x3' == x3&amp;z' == z&amp;k' == k+1</assignment>
                        <labelposition x="0" y="0"/>
                </transition>
		<transition source="3" target="1">
                        <guard>x &gt;= 0&amp;y + 2*x &gt;= 0</guard>
                        <assignment>x' == x&amp;y' == y&amp;x1' == x1&amp;x2' == x2&amp;x3' == x3&amp;z' == z&amp;k' == k+1</assignment>
                        <labelposition x="0" y="0"/>
                </transition>
</component>
        
<component id="system">
		<param name="x" type="real" local="false" d1="1" d2="1" dynamics="any" />
		<param name="y" type="real" local="false" d1="1" d2="1" dynamics="any" />
		<param name="x1" type="real" local="false" d1="1" d2="1" dynamics="any" />
		<param name="x2" type="real" local="false" d1="1" d2="1" dynamics="any" />
		<param name="x3" type="real" local="false" d1="1" d2="1" dynamics="any" />
		<param name="z" type="real" local="false" d1="1" d2="1" dynamics="any" />
		<param name="k" type="real" local="false" d1="1" d2="1" dynamics="any" />

        <bind component="ha" as="ha_system" x="300" y="200">
		<map key="x">x</map>
		<map key="y">y</map>
		<map key="x1">x1</map>
		<map key="x2">x2</map>
		<map key="x3">x3</map>
                <map key="z">z</map>
        <map key="k">k</map>
        </bind>
</component>
        
</sspaceex>
        
