dynamics,model,formula,time bound,threshold,size,time,result,bound,scenarios,algorithm
linear,battery,f1,30,0.1,12868,211.66514,true,20,-,1-step
linear,battery,f2,30,3.5,2763,8.04049,false,5,-,1-step
linear,battery,f3,30,0.1,3764,54.10611,false,8,-,1-step
poly,battery,f1,25,2.5,1716,6.49385,false,4,-,1-step
poly,battery,f2,25,1,2262,7.03004,false,4,-,1-step
poly,battery,f3,25,0.5,7226,238.31651,true,10,-,1-step
ode,battery,f1,10,1,1254,85.93122,false,3, 196,2-step
ode,battery,f2,10,1.5,868,94.11225,false,3, 368,2-step
ode,battery,f3,10,1,838,26.44411,false,3, 120,2-step
linear,water,f1,20,2.5,18686,31.20015,true,20,-,1-step
linear,water,f2,20,0.1,1878,6.04837,false,4,-,1-step
linear,water,f3,20,0.01,11072,22.12602,true,20,-,1-step
poly,water,f1,10,1.5,963,3.65151,false,2,-,1-step
poly,water,f2,10,2,949,3.29578,false,3,-,1-step
poly,water,f3,10,4,679,3.22025,false,2,-,1-step
ode,water,f1,8,2,1142,98.52322,false,3, 256,2-step
ode,water,f2,8,0.1,525,1.77228,false,2, 10,2-step
ode,water,f3,8,0.5,726,10.33806,false,3, 63,2-step
linear,car,f1,40,0.1,2467,10.66286,false,5,-,1-step
linear,car,f2,40,2,2906,9.40314,false,8,-,1-step
linear,car,f3,40,1,2467,10.50801,false,5,-,1-step
poly,car,f1,10,0.5,1328,5.80327,false,3,-,1-step
poly,car,f2,10,2,676,5.77000,false,1,-,1-step
poly,car,f3,10,0.1,7328,10.46119,true,10,-,1-step
ode,car,f1,5,1,1218,19.61947,false,2, 81,2-step
ode,car,f2,5,0.5,1498,30.96839,false,2, 97,2-step
ode,car,f3,5,2,1242,27.51277,false,2, 44,2-step
linear,rail,f1,30,2,17935,27.27177,true,20,-,1-step
linear,rail,f2,30,1,1246,5.27002,false,3,-,1-step
linear,rail,f3,30,0.5,802,3.75251,false,3,-,1-step
poly,rail,f1,20,1,2318,4.22503,false,5,-,1-step
poly,rail,f2,20,5,3763,5.16156,true,10,-,1-step
poly,rail,f3,20,4,1889,3.80977,false,4,-,1-step
ode,rail,f1,8,2,848,72.17403,false,3, 265,2-step
ode,rail,f2,8,0.5,1346,83.13095,false,3, 180,2-step
ode,rail,f3,8,1,570,86.43299,false,2, 52,2-step
linear,therm,f1,30,3,16839,27.71230,true,20,-,1-step
linear,therm,f2,30,1,11079,19.68396,true,20,-,1-step
linear,therm,f3,30,2.5,975,5.37761,false,2,-,1-step
poly,therm,f1,10,0.5,1975,4.87759,false,4,-,1-step
poly,therm,f2,10,5,1291,5.89852,false,4,-,1-step
poly,therm,f3,10,1,5683,8.57673,true,10,-,1-step
ode,therm,f1,30,1,1205,1043.95467,true,5, 3598,2-step
ode,therm,f2,30,2,744,26.90001,false,2, 135,2-step
ode,therm,f3,30,2,1150,340.81232,false,4, 413,2-step
ode,oscil,f1,8,0.1,1543,168.16962,true,5, 386,2-step
ode,oscil,f2,8,1,1234,241.03660,false,3, 608,2-step
ode,oscil,f3,8,0.1,1762,131.61204,false,3, 255,2-step
ode,space,f1,5,1.5,786,1530.92787,false,2, 69,2-step
ode,space,f2,5,0.1,1074,73.62106,false,3, 207,2-step
ode,space,f3,5,1,786,15.91731,false,2, 38,2-step
ode,nav,f1,10,3,1152,478.31132,false,3, 1493,2-step
ode,nav,f2,10,2,1122,321.67503,false,3, 979,2-step
ode,nav,f3,10,2,1122,1218.23118,false,3, 233,2-step
