dynamics,model,formula,time,result,bound
linear,battery,f1,0.24817,false,20
poly,battery,f1,1.33749,false,10
ode,battery,f1,0.11791,true,5
linear,water,f1,0.16944,true,20
poly,water,f1,2.59173,true,10
ode,water,f1,0.06555,true,5
linear,car,f1,0.20161,true,20
poly,car,f1,0.29485,true,10
ode,car,f1,43.07528,true,5
linear,rail,f1,0.12574,true,20
poly,rail,f1,0.10078,true,10
ode,rail,f1,0.07524,true,5
linear,therm,f1,0.18020,true,20
poly,therm,f1,0.31278,true,10
ode,therm,f1,1.40106,true,5
ode,oscil,f1,0.97536,true,5
ode,space,f1,1.51136,true,5
ode,nav,f1,0.10669,true,5
