<?xml version="1.0" encoding="UTF-8"?>
<sspaceex xmlns="http://www-verimag.imag.fr/xml-namespaces/sspaceex" version="0.2" math="SpaceEx"> 
<component id="ha">
		<param name="d1" type="real" local="false" d1="1" d2="1" dynamics="any" />
		<param name="d2" type="real" local="false" d1="1" d2="1" dynamics="any" />
		<param name="g1" type="real" local="false" d1="1" d2="1" dynamics="any" />
        <param name="g2" type="real" local="false" d1="1" d2="1" dynamics="any" />
        <param name="k" type="real" local="false" d1="1" d2="1" dynamics="any" />

		<location id="0" name="f1s1" x="100" y="100" width="50" height="50">
			<invariant>g1 &gt;= 0.5&amp;g2 &gt;= 0.5&amp;k &lt;= 10</invariant>
			<flow>d1' == (0.5 / 0.166) - (1.9 * d1)&amp;d2' == (0.5 / 0.166) - (1.9 * d2) &amp;g1' == -0.5&amp;g2' == -0.5</flow>
		</location>

		<location id="1" name="f1s2" x="100" y="100" width="50" height="50">
                        <invariant>g1 &gt;= 0.5&amp;k &lt;= 10</invariant>
                        <flow>d1' == (0.5 / 0.166) - (1.9 * d1)&amp;d2' == -(1.9 * d2)&amp;g1' == -1&amp;g2' == 0&amp;k' == 0</flow>
		</location>

		<location id="2" name="f2s1" x="100" y="100" width="50" height="50">
			<invariant>g2 &gt;= 0.5&amp;k &lt;= 10</invariant>
                        <flow>d1' == -(1.9 * d1) &amp;d2' == (0.5 / 0.166) - (1.9 * d2)&amp;g1' == 0&amp;g2' == -1&amp;k' == 0</flow>
		</location>

		<location id="3" name="f1s3" x="100" y="100" width="50" height="50">
                        <invariant>g1 &gt;= 0.5&amp;g2 &lt;= 1&amp;k &lt;= 10</invariant>
                        <flow>d1' == (0.5 / 0.166) - (1.9 * d1) &amp;d2' == 0&amp;g1' == -1&amp;g2' == 0&amp;k' == 0</flow>
		</location>

		<location id="4" name="f3s1" x="100" y="100" width="50" height="50">
                        <invariant>g1 &lt;= 1&amp;g2 &gt;= 0.5&amp;k &lt;= 10</invariant>
                        <flow>d1' == 0&amp;d2' == (0.5 / 0.166) - (1.9 * d2) &amp;g1' == 0&amp;g2' == -1&amp;k' == 0</flow>
                </location>

        <location id="5" name="f3s3" x="100" y="100" width="50" height="50">
                        <invariant>k &lt;= 10</invariant>
                        <flow>d1' == 0&amp;d2' == 0&amp;g1' == 0&amp;g2' == 0&amp;k' == 0</flow>
		</location>


	


		<transition source="1" target="2">
			<guard>g2 &gt;= 2</guard>
			<assignment>d1' == d1&amp;d2' == d2&amp;g1' == g1&amp;g2' == g2&amp;k' == k+1</assignment>
			<labelposition x="0" y="0"/>
		</transition>
		<transition source="1" target="4">
                        <guard>g1 &lt;= 1</guard>
                        <assignment>d1' == d1&amp;d2' == d2&amp;g1' == g1&amp;g2' == g2&amp;k' == k+1</assignment> 
                        <labelposition x="0" y="0"/>
		</transition>

		<transition source="2" target="1">
			<guard>g1 &gt;= 2</guard>
			<assignment>d1' == d1&amp;d2' == d2&amp;g1' == g1&amp;g2' == g2&amp;k' == k+1</assignment> 
			<labelposition x="0" y="0"/>
		</transition>
		<transition source="2" target="3">
                        <guard>g2 &lt;= 1</guard>
                        <assignment>d1' == d1&amp;d2' == d2&amp;g1' == g1&amp;g2' == g2&amp;k' == k+1</assignment> 
                        <labelposition x="0" y="0"/>
		</transition>
		<transition source="3" target="5">
			<guard>g1 &lt;= 1</guard>
			<assignment>d1' == d1&amp;d2' == d2&amp;g1' == g1&amp;g2' == g2&amp;k' == k+1</assignment>
			<labelposition x="0" y="0"/>
		</transition>
		<transition source="4" target="5">
                        <guard>g2 &lt;= 1</guard>
                        <assignment>d1' == d1&amp;d2' == d2&amp;g1' == g1&amp;g2' == g2&amp;k' == k+1</assignment>
                        <labelposition x="0" y="0"/>
                </transition>

</component>
        
<component id="system">
		<param name="d1" type="real" local="false" d1="1" d2="1" dynamics="any" />
		<param name="d2" type="real" local="false" d1="1" d2="1" dynamics="any" />
		<param name="g1" type="real" local="false" d1="1" d2="1" dynamics="any" />
        <param name="g2" type="real" local="false" d1="1" d2="1" dynamics="any" />
        <param name="k" type="real" local="false" d1="1" d2="1" dynamics="any" />

        <bind component="ha" as="ha_system" x="300" y="200">
		<map key="d1">d1</map>
		<map key="d2">d2</map>
		<map key="g1">g1</map>
        <map key="g2">g2</map>
        <map key="k">k</map>

        </bind>
</component>
        
</sspaceex>
        
