<?xml version="1.0" encoding="UTF-8"?>
<sspaceex xmlns="http://www-verimag.imag.fr/xml-namespaces/sspaceex" version="0.2" math="SpaceEx"> 
<component id="ha">
		<param name="rx" type="real" local="false" d1="1" d2="1" dynamics="any" />
		<param name="ry" type="real" local="false" d1="1" d2="1" dynamics="any" />
		<param name="vx1" type="real" local="false" d1="1" d2="1" dynamics="any" />
        <param name="vy1" type="real" local="false" d1="1" d2="1" dynamics="any" />
        <param name="k" type="real" local="false" d1="1" d2="1" dynamics="any" />

		<location id="0" name="f1s1" x="100" y="100" width="50" height="50">
			<invariant> rx &lt;= 20&amp;ry &lt;= 20&amp;vx1 &lt;= 8&amp; vy1&lt;= 8&amp;k &lt;= 10</invariant>
			<flow>rx' == vx1&amp;vx1' == 1.2&amp;ry' == vy1&amp;vy1' == 1.4&amp;k' == 0</flow>
		</location>

		<location id="1" name="f1s0" x="100" y="100" width="50" height="50">
			<invariant>rx &lt;= 20&amp;ry &gt;= -20&amp;vx1 &lt;= 8&amp; vy1&gt;= -8&amp;k &lt;= 10</invariant>
                        <flow>rx' == vx1&amp;vx1' == 1.2&amp;ry' == vy1&amp;vy1' == -1.4&amp;k' == 0</flow>
		</location>

		<location id="2" name="f0s1" x="100" y="100" width="50" height="50">
			<invariant>rx &gt;= -20&amp;ry &lt;= 20&amp;vx1 &gt;= -8&amp; vy1&lt;= 8&amp;k &lt;= 10</invariant>
                        <flow>rx' == vx1&amp;vx1' == -1.2&amp;ry' == vy1&amp;vy1' == 1.4&amp;k' == 0</flow>
		</location>

		<location id="3" name="f0s0" x="100" y="100" width="50" height="50">
			<invariant>rx &gt;= -20&amp;ry &gt;= -20&amp;vx1 &gt;= -8&amp; vy1&gt;= -8&amp;k &lt;= 10</invariant>
                        <flow>rx' == vx1&amp;vx1' == -1.2&amp;ry' == vy1&amp;vy1' == -1.4&amp;k' == 0</flow>
		</location>

		<transition source="0" target="1">
			<guard>rx &lt; 3&amp;ry &gt;= 3</guard>
			<assignment>rx' == rx&amp;vx1' == 0&amp;ry' == ry&amp;vy1' == 0&amp;k' == k+1</assignment>
			<labelposition x="0" y="0"/>
		</transition>
		<transition source="0" target="2">
			<guard>rx &gt;= 3&amp;ry &lt;= 3</guard>
			<assignment>rx' == rx&amp;vx1' == 0&amp;ry' == ry&amp;vy1' == 0&amp;k' == k+1</assignment>
			<labelposition x="0" y="0"/>
		</transition>

		<transition source="1" target="2">
			<guard>rx &gt;= 3&amp;ry &lt;= 3</guard>
			<assignment>rx' == rx&amp;vx1' == 0&amp;ry' == ry&amp;vy1' == 0&amp;k' == k+1</assignment>
			<labelposition x="0" y="0"/>
		</transition>
		<transition source="1" target="3">
			<guard>rx &gt;= 3&amp;ry &gt;= 3</guard>
			<assignment>rx' == rx&amp;vx1' == 0&amp;ry' == ry&amp;vy1' == 0&amp;k' == k+1</assignment>
			<labelposition x="0" y="0"/>
		</transition>

		<transition source="2" target="0">
			<guard>rx &lt; 3&amp;ry &lt;= 3</guard>
			<assignment>rx' == rx&amp;vx1' == 0&amp;ry' == ry&amp;vy1' == 0&amp;k' == k+1</assignment>
			<labelposition x="0" y="0"/>
		</transition>
		<transition source="2" target="1">
			<guard>rx &lt; 3&amp;ry &gt;= 3</guard>
			<assignment>rx' == rx&amp;vx1' == 0&amp;ry' == ry&amp;vy1' == 0&amp;k' == k+1</assignment>
			<labelposition x="0" y="0"/>
		</transition>
		<transition source="2" target="3">
			<guard>rx &gt;= 3&amp;ry &gt;= 3</guard>
			<assignment>rx' == rx&amp;vx1' == 0&amp;ry' == ry&amp;vy1' == 0&amp;k' == k+1</assignment>
			<labelposition x="0" y="0"/>
		</transition>		

		<transition source="3" target="0">
			<guard>rx &lt; 3&amp;ry &lt;= 3</guard>
			<assignment>rx' == rx&amp;vx1' == 0&amp;ry' == ry&amp;vy1' == 0&amp;k' == k+1</assignment>
			<labelposition x="0" y="0"/>
		</transition>
		<transition source="3" target="1">
			<guard>rx &lt; 3&amp;ry &gt;= 3</guard>
			<assignment>rx' == rx&amp;vx1' == 0&amp;ry' == ry&amp;vy1' == 0&amp;k' == k+1</assignment>
			<labelposition x="0" y="0"/>
		</transition>
		<transition source="3" target="2">
			<guard>rx &gt;= 3&amp;ry &lt;= 3</guard>
			<assignment>rx' == rx&amp;vx1' == 0&amp;ry' == ry&amp;vy1' == 0&amp;k' == k+1</assignment>
			<labelposition x="0" y="0"/>
		</transition>

</component>
        
<component id="system">
		<param name="rx" type="real" local="false" d1="1" d2="1" dynamics="any" />
		<param name="ry" type="real" local="false" d1="1" d2="1" dynamics="any" />
		<param name="vx1" type="real" local="false" d1="1" d2="1" dynamics="any" />
        <param name="vy1" type="real" local="false" d1="1" d2="1" dynamics="any" />
        <param name="k" type="real" local="false" d1="1" d2="1" dynamics="any" />

        <bind component="ha" as="ha_system" x="300" y="200">
		<map key="rx">rx</map>
		<map key="ry">ry</map>
		<map key="vx1">vx1</map>
        <map key="vy1">vy1</map>
        <map key="k">k</map>
        </bind>
</component>
        
</sspaceex>
        
