<?xml version="1.0" encoding="UTF-8"?>
<sspaceex xmlns="http://www-verimag.imag.fr/xml-namespaces/sspaceex" version="0.2" math="SpaceEx"> 
<component id="ha">
		<param name="x1" type="real" local="false" d1="1" d2="1" dynamics="any" />
		<param name="x2" type="real" local="false" d1="1" d2="1" dynamics="any" />
		<param name="y1" type="real" local="false" d1="1" d2="1" dynamics="any" />
        <param name="y2" type="real" local="false" d1="1" d2="1" dynamics="any" />
        <param name="k" type="real" local="false" d1="1" d2="1" dynamics="any" />

		<location id="0" name="straight" x="100" y="100" width="50" height="50">
			<invariant>(x2-x1) &lt;= 5&amp;(y2-y1) &lt;= 5&amp;k &lt;= 20</invariant>
			<flow>x1' == 3&amp;y1' == 0&amp;x2' == 2&amp;y2' == 2&amp;k' == 0</flow>
		</location>

		<location id="1" name="left" x="100" y="100" width="50" height="50">
			<invariant>(x2-x1) &gt;= -5&amp;(y2-y1) &gt;= -5&amp;k &lt;= 20</invariant>
                        <flow>x1' == 1.5&amp;y1' == 3&amp;x2' == 2&amp;y2' == 2&amp;k' == 0</flow>
		</location>

		<location id="2" name="right" x="100" y="100" width="50" height="50">
			<invariant>(x2-x1) &gt;= -5&amp;(x2-x1) &lt;= 5&amp;k &lt;= 20</invariant>
                        <flow>x1' == 1.5&amp;y1' == -3&amp;x2' == 2&amp;y2' == 2&amp;k' == 0</flow>
		</location>

		<transition source="0" target="1">
			<guard>(y2 - y1) &gt;= 3</guard>
			<assignment>x1' == x1&amp;y1' == y1&amp;x2' == x2&amp;y2' == y2&amp;k' == k+1</assignment>
			<labelposition x="0" y="0"/>
		</transition>
		<transition source="0" target="2">
			<guard>(y2 - y1) &lt;= -3</guard>
			<assignment>x1' == x1&amp;x2' == x2&amp;x2' == x2&amp;y2' == y2&amp;k' == k+1</assignment>
			<labelposition x="0" y="0"/>
		</transition>

		<transition source="1" target="0">
                        <guard>(y2 - y1) &gt;= -1&amp;(y2 - y1)&lt;= 1</guard>
                        <assignment>x1' == x1&amp;x2' == x2&amp;x2' == x2&amp;y2' == y2&amp;k' == k+1</assignment>
                        <labelposition x="0" y="0"/>
		</transition>
		<transition source="1" target="2">
                        <guard>(y2 - y1) &lt;= -3</guard>
                        <assignment>x1' == x1&amp;x2' == x2&amp;x2' == x2&amp;y2' == y2&amp;k' == k+1</assignment>
                        <labelposition x="0" y="0"/>
		</transition>

		<transition source="2" target="0">
                        <guard>(y2 - y1) &gt;= -1&amp;(y2 - y1)&lt;= 1</guard>
                        <assignment>x1' == x1&amp;x2' == x2&amp;x2' == x2&amp;y2' == y2&amp;k' == k+1</assignment>
                        <labelposition x="0" y="0"/>
		</transition>

		<transition source="2" target="1">
                        <guard>(y2 - y1) &gt;= 3</guard>
                        <assignment>x1' == x1&amp;y1' == y1&amp;x2' == x2&amp;y2' == y2&amp;k' == k+1</assignment>
                        <labelposition x="0" y="0"/>
                </transition>

</component>
        
<component id="system">
		<param name="x1" type="real" local="false" d1="1" d2="1" dynamics="any" />
		<param name="x2" type="real" local="false" d1="1" d2="1" dynamics="any" />
		<param name="y1" type="real" local="false" d1="1" d2="1" dynamics="any" />
        <param name="y2" type="real" local="false" d1="1" d2="1" dynamics="any" />
        <param name="k" type="real" local="false" d1="1" d2="1" dynamics="any" />

        <bind component="ha" as="ha_system" x="300" y="200">
		<map key="x1">x1</map>
		<map key="x2">x2</map>
		<map key="y1">y1</map>
        <map key="y2">y2</map>
        <map key="k">k</map>
        </bind>
</component>
        
</sspaceex>
        
