dynamics,model,formula,time bound,threshold,size,time,result,bound,scenarios,algorithm
linear,battery,f1,30,0.1,12868,211.66514,TRUE,20,-,1-step
linear,battery,f2,30,3.5,2763,8.04049,FALSE,5,-,1-step
linear,battery,f3,30,0.1,3764,54.10611,FALSE,8,-,1-step
linear,water,f1,20,2.5,18686,31.20015,TRUE,20,-,1-step
linear,water,f2,20,0.1,1878,6.04837,FALSE,4,-,1-step
linear,water,f3,20,0,11072,22.12602,TRUE,20,-,1-step
poly,car,f1,10,0.5,1328,5.82912,FALSE,3,-,1-step
poly,car,f2,10,2,676,5.90567,FALSE,1,-,1-step
poly,car,f3,10,1,7328,9.83148,TRUE,10,-,1-step
poly,rail,f1,20,1,2318,4.22503,FALSE,5,-,1-step
poly,rail,f2,20,5,3763,5.16156,TRUE,10,-,1-step
poly,rail,f3,20,4,1889,3.80977,FALSE,4,-,1-step
ode,rail,f1,8,2,848,72.17403,FALSE,3,265,2-step
ode,rail,f2,8,0.5,1346,83.13095,FALSE,3,180,2-step
ode,rail,f3,8,1,570,85.28113,FALSE,2,56,2-step
linear,therm,f1,30,3,16839,27.26059,TRUE,20,-,1-step
linear,therm,f2,30,1,11079,19.81496,TRUE,20,-,1-step
linear,therm,f3,30,2.5,975,5.18859,FALSE,2,-,1-step
ode,oscil,f1,8,0.1,1543,168.16962,TRUE,5,386,2-step
ode,oscil,f2,8,1,1234,241.0366,FALSE,3,608,2-step
ode,oscil,f3,8,0.1,1762,131.61204,FALSE,3,255,2-step
